{"difficulty": "medium", "day": 1, "time_of_day": 0.3260000000000008, "funds": 7000, "ecosystem_balance": 91.42839499999997}